item,itemLabel,tipo,tipoLabel,coord,inicio,site,gcatholic,bispo,bispoLabel
http://www.wikidata.org/entity/Q110390184,Q110390184,http://www.wikidata.org/entity/Q10139375,Eastern Catholic ecclesiastical province,,,,,,
http://www.wikidata.org/entity/Q25401624,Q25401624,http://www.wikidata.org/entity/Q427961,Metrópole (Jurisdição religiosa),,,,,,
http://www.wikidata.org/entity/Q18817248,Metropolis of Fortaleza,http://www.wikidata.org/entity/Q427961,Metrópole (Jurisdição religiosa),,,,,,
http://www.wikidata.org/entity/Q137664905,Roman Catholic Diocese of Baturité,http://www.wikidata.org/entity/Q3146899,diocese da Igreja Católica,,2026-01-01T00:00:00Z,,,,
http://www.wikidata.org/entity/Q124344740,Territorial Prelature of Cametá,http://www.wikidata.org/entity/Q124344656,suppressed territorial prelature,,1952-11-29T00:00:00Z,,,,
http://www.wikidata.org/entity/Q140589364,Territorial Prelature of Rio Branco,http://www.wikidata.org/entity/Q124344656,suppressed territorial prelature,,1944-08-30T00:00:00Z,,,,
http://www.wikidata.org/entity/Q140589373,Territorial Prelature of Roraima,http://www.wikidata.org/entity/Q124344656,suppressed territorial prelature,,1963-04-29T00:00:00Z,,,,
http://www.wikidata.org/entity/Q2405487,Territorial Prelature of São José de Alto Tocantins,http://www.wikidata.org/entity/Q124344656,suppressed territorial prelature,,,,,,
http://www.wikidata.org/entity/Q2405457,former territorial prelature of Bananal,http://www.wikidata.org/entity/Q124344656,suppressed territorial prelature,,1924-07-04T00:00:00Z,,bana0,,
http://www.wikidata.org/entity/Q19985276,Abadia Territorial de Claraval,http://www.wikidata.org/entity/Q135639685,suppressed territorial abbey,,1968-05-11T00:00:00Z,,clar0,,
http://www.wikidata.org/entity/Q2405434,Abadia Territorial de Nossa Senhora do Monserrate do Rio de Janeiro,http://www.wikidata.org/entity/Q135639685,suppressed territorial abbey,,1907-08-15T00:00:00Z,,,,
http://www.wikidata.org/entity/Q56354969,Arquidiocese Ortodoxa Antioquina de São Paulo e Todo o Brasil,http://www.wikidata.org/entity/Q427961,Metrópole (Jurisdição religiosa),,,https://www.arquidioceseortodoxa.com.br,,,
http://www.wikidata.org/entity/Q512391,Arquidiocese da Paraíba,http://www.wikidata.org/entity/Q105390172,arquidiocese metropolitana católica romana,,1892-01-01T00:00:00Z,http://www.arquidiocesepb.org.br/,para0,,
http://www.wikidata.org/entity/Q1364014,Arquidiocese de Aparecida,http://www.wikidata.org/entity/Q105390172,arquidiocese metropolitana católica romana,,1958-04-19T00:00:00Z,http://www.arquidioceseaparecida.org.br/,apar0,,
http://www.wikidata.org/entity/Q1364015,Arquidiocese de Aracaju,http://www.wikidata.org/entity/Q105390172,arquidiocese metropolitana católica romana,,1910-01-01T00:00:00Z,http://www.arquidiocese.aju.org.br,arac0,,
http://www.wikidata.org/entity/Q1364130,Arquidiocese de Belo Horizonte,http://www.wikidata.org/entity/Q2072238,arquidiocese,,1921-01-01T00:00:00Z,http://www.arquidiocese-bh.org.br,belo0,,
http://www.wikidata.org/entity/Q1364133,Arquidiocese de Belém do Pará,http://www.wikidata.org/entity/Q105390172,arquidiocese metropolitana católica romana,Point(-48.4833 -1.4667),1701-01-01T00:00:00Z,http://www.arquidiocesedebelem.org.br/,bele0,,
http://www.wikidata.org/entity/Q739626,Arquidiocese de Brasília,http://www.wikidata.org/entity/Q105390172,arquidiocese metropolitana católica romana,,1960-01-16T00:00:00Z,https://arqbrasilia.com.br/,bras0,,
http://www.wikidata.org/entity/Q1364286,Arquidiocese de Campinas,http://www.wikidata.org/entity/Q105390172,arquidiocese metropolitana católica romana,,1908-01-01T00:00:00Z,http://arquidiocesecampinas.com/,camp0,,
http://www.wikidata.org/entity/Q1364278,Arquidiocese de Campo Grande,http://www.wikidata.org/entity/Q105390172,arquidiocese metropolitana católica romana,,1957-01-01T00:00:00Z,https://arquidiocesedecampogrande.org.br/,camp1,,
http://www.wikidata.org/entity/Q549271,Arquidiocese de Cascavel,http://www.wikidata.org/entity/Q3146899,diocese da Igreja Católica,,1978-01-01T00:00:00Z,http://www.arquicascavel.org.br/,casc0,,
http://www.wikidata.org/entity/Q549271,Arquidiocese de Cascavel,http://www.wikidata.org/entity/Q105390172,arquidiocese metropolitana católica romana,,1978-01-01T00:00:00Z,http://www.arquicascavel.org.br/,casc0,,
http://www.wikidata.org/entity/Q1364374,Arquidiocese de Cuiabá,http://www.wikidata.org/entity/Q105390172,arquidiocese metropolitana católica romana,Point(-56.0961 -15.5976),1745-01-01T00:00:00Z,http://www.arquidiocesecuiaba.org.br/index.php,cuia0,,
http://www.wikidata.org/entity/Q1364387,Arquidiocese de Curitiba,http://www.wikidata.org/entity/Q105390172,arquidiocese metropolitana católica romana,,1892-01-01T00:00:00Z,http://www.arquidiocesedecuritiba.org.br/#home,curi0,,
http://www.wikidata.org/entity/Q369054,Arquidiocese de Diamantina,http://www.wikidata.org/entity/Q105390172,arquidiocese metropolitana católica romana,,1854-01-01T00:00:00Z,http://www.arquidiamantina.org.br/,diam0,,
http://www.wikidata.org/entity/Q672513,Arquidiocese de Feira de Santana,http://www.wikidata.org/entity/Q105390172,arquidiocese metropolitana católica romana,,1962-01-01T00:00:00Z,http://www.arquidiocese-fsa.org.br/,feir0,,
http://www.wikidata.org/entity/Q1364493,Arquidiocese de Florianópolis,http://www.wikidata.org/entity/Q105390172,arquidiocese metropolitana católica romana,,1908-01-01T00:00:00Z,http://www.arquifln.org.br/,flor0,,
http://www.wikidata.org/entity/Q1364502,Arquidiocese de Fortaleza,http://www.wikidata.org/entity/Q105390172,arquidiocese metropolitana católica romana,,1854-01-01T00:00:00Z,http://www.arquidiocesedefortaleza.org.br/,fort0,,
http://www.wikidata.org/entity/Q1364537,Arquidiocese de Goiânia,http://www.wikidata.org/entity/Q105390172,arquidiocese metropolitana católica romana,,1956-01-01T00:00:00Z,https://arquidiocesedegoiania.org.br/,goia0,,
http://www.wikidata.org/entity/Q139108,Arquidiocese de Londrina,http://www.wikidata.org/entity/Q105390172,arquidiocese metropolitana católica romana,,1956-01-01T00:00:00Z,http://www.arquidiocesedelondrina.com.br,lond1,,
http://www.wikidata.org/entity/Q1364906,Arquidiocese de Maceió,http://www.wikidata.org/entity/Q105390172,arquidiocese metropolitana católica romana,,1900-01-01T00:00:00Z,http://www.arquidiocesedemaceio.org.br/,mace0,,
http://www.wikidata.org/entity/Q1364949,Arquidiocese de Manaus,http://www.wikidata.org/entity/Q105390172,arquidiocese metropolitana católica romana,,1892-04-27T00:00:00Z,http://www.arquimanaus.org.br,mana1,,
http://www.wikidata.org/entity/Q1364963,Arquidiocese de Mariana,http://www.wikidata.org/entity/Q105390172,arquidiocese metropolitana católica romana,,1745-01-01T00:00:00Z,http://www.arqmariana.com.br/,mari0,,
http://www.wikidata.org/entity/Q1364968,Arquidiocese de Maringá,http://www.wikidata.org/entity/Q105390172,arquidiocese metropolitana católica romana,,1956-01-01T00:00:00Z,http://arquidiocesedemaringa.org.br/,mari1,,
http://www.wikidata.org/entity/Q1364968,Arquidiocese de Maringá,http://www.wikidata.org/entity/Q105390172,arquidiocese metropolitana católica romana,,1956-01-01T00:00:00Z,http://www.arquimaringa.org.br/,mari1,,
http://www.wikidata.org/entity/Q1365081,Arquidiocese de Montes Claros,http://www.wikidata.org/entity/Q105390172,arquidiocese metropolitana católica romana,,1910-01-01T00:00:00Z,http://www.arquimoc.org.br/,mont3,,
http://www.wikidata.org/entity/Q959015,Arquidiocese de Natal,http://www.wikidata.org/entity/Q105390172,arquidiocese metropolitana católica romana,,1909-01-01T00:00:00Z,http://www.arquidiocesedenatal.org.br/,nata0,,
http://www.wikidata.org/entity/Q1365150,Arquidiocese de Niterói,http://www.wikidata.org/entity/Q3146899,diocese da Igreja Católica,,1892-01-01T00:00:00Z,http://www.arqnit.org.br/,nite0,,
http://www.wikidata.org/entity/Q1365150,Arquidiocese de Niterói,http://www.wikidata.org/entity/Q105390172,arquidiocese metropolitana católica romana,,1892-01-01T00:00:00Z,http://www.arqnit.org.br/,nite0,,
http://www.wikidata.org/entity/Q1149429,Arquidiocese de Olinda e Recife,http://www.wikidata.org/entity/Q2072238,arquidiocese,,,http://www.arquidioceseolindarecife.org/,olin0,,
http://www.wikidata.org/entity/Q1365244,Arquidiocese de Palmas,http://www.wikidata.org/entity/Q105390172,arquidiocese metropolitana católica romana,,1996-01-01T00:00:00Z,http://www.arquidiocesedepalmas.org.br/,palm0,,
http://www.wikidata.org/entity/Q1365264,Arquidiocese de Passo Fundo,http://www.wikidata.org/entity/Q105390172,arquidiocese metropolitana católica romana,,1951-01-01T00:00:00Z,http://www.pastoral.com.br/,pass2,,
http://www.wikidata.org/entity/Q1365278,Arquidiocese de Pelotas,http://www.wikidata.org/entity/Q105390172,arquidiocese metropolitana católica romana,,1910-01-01T00:00:00Z,http://diocese.pelotas.tche.br,pelo0,,
http://www.wikidata.org/entity/Q1365336,Arquidiocese de Porto Alegre,http://www.wikidata.org/entity/Q105390172,arquidiocese metropolitana católica romana,,1848-01-01T00:00:00Z,http://www.arquidiocesepoa.org.br,pale1,,
http://www.wikidata.org/entity/Q945329,Arquidiocese de Porto Velho,http://www.wikidata.org/entity/Q105390172,arquidiocese metropolitana católica romana,,1925-01-01T00:00:00Z,http://www.arquidiocesedeportovelho.com.br/,pvel0,,
http://www.wikidata.org/entity/Q1365343,Arquidiocese de Pouso Alegre,http://www.wikidata.org/entity/Q105390172,arquidiocese metropolitana católica romana,,1900-01-01T00:00:00Z,http://www.arquidiocese-pa.org.br/,pous0,,
http://www.wikidata.org/entity/Q1365414,Arquidiocese de Ribeirão Preto,http://www.wikidata.org/entity/Q105390172,arquidiocese metropolitana católica romana,,1908-01-01T00:00:00Z,https://arquidioceserp.org.br/,ribe0,,
http://www.wikidata.org/entity/Q609304,Arquidiocese de Santa Maria,http://www.wikidata.org/entity/Q105390172,arquidiocese metropolitana católica romana,,1910-01-01T00:00:00Z,http://www.diocesesantamaria.org.br/content/home/default2.asp,zmar7,,
http://www.wikidata.org/entity/Q876129,Arquidiocese de Santarém (Brasil),http://www.wikidata.org/entity/Q105390172,arquidiocese metropolitana católica romana,,2019-11-06T00:00:00Z,http://www.arquidiocesedesantarem.org.br/,sant2,,
http://www.wikidata.org/entity/Q1365654,Arquidiocese de São Luís do Maranhão,http://www.wikidata.org/entity/Q105390172,arquidiocese metropolitana católica romana,,,https://arquislz.org.br/,zlui1,,
http://www.wikidata.org/entity/Q1365668,Arquidiocese de São Paulo,http://www.wikidata.org/entity/Q105390172,arquidiocese metropolitana católica romana,,1745-01-01T00:00:00Z,https://arquisp.org.br/,zpau0,,
http://www.wikidata.org/entity/Q1365662,Arquidiocese de São Salvador da Bahia,http://www.wikidata.org/entity/Q105390172,arquidiocese metropolitana católica romana,,1676-11-16T00:00:00Z,http://www.arquidiocesesalvador.org.br/,zsal0,,
http://www.wikidata.org/entity/Q250235,Arquidiocese de São Sebastião do Rio de Janeiro,http://www.wikidata.org/entity/Q105390172,arquidiocese metropolitana católica romana,,1892-04-27T00:00:00Z,https://arqrio.org.br/,zseb0,,
http://www.wikidata.org/entity/Q1365707,Arquidiocese de Teresina,http://www.wikidata.org/entity/Q105390172,arquidiocese metropolitana católica romana,,1902-01-01T00:00:00Z,http://www.arquidiocesedeteresina.org.br/,tere0,,
http://www.wikidata.org/entity/Q743847,Arquidiocese de Uberaba,http://www.wikidata.org/entity/Q105390172,arquidiocese metropolitana católica romana,,1907-01-01T00:00:00Z,https://arquidiocesedeuberaba.com.br/,uber0,,
http://www.wikidata.org/entity/Q1365853,Arquidiocese de Vitória da Conquista,http://www.wikidata.org/entity/Q105390172,arquidiocese metropolitana católica romana,,1957-01-01T00:00:00Z,,vito2,,
http://www.wikidata.org/entity/Q1000240,Arquidiocese de Vitória do Espírito Santo,http://www.wikidata.org/entity/Q105390172,arquidiocese metropolitana católica romana,,1895-01-01T00:00:00Z,http://www.aves.org.br/,vito0,,
http://www.wikidata.org/entity/Q51883178,Diocese Anglicana Meridional,http://www.wikidata.org/entity/Q18917976,Diocese anglicana,,,,,,
http://www.wikidata.org/entity/Q866765,Diocese de Afogados da Ingazeira,http://www.wikidata.org/entity/Q3146899,diocese da Igreja Católica,,1956-01-01T00:00:00Z,http://diocesedeafogados.blogspot.com/,afog0,,
http://www.wikidata.org/entity/Q866783,Diocese de Alagoinhas,http://www.wikidata.org/entity/Q3146899,diocese da Igreja Católica,,1974-01-01T00:00:00Z,https://diocesedealagoinhas.com/,alag0,,
http://www.wikidata.org/entity/Q866805,Diocese de Alto Solimões,http://www.wikidata.org/entity/Q3146899,diocese da Igreja Católica,,1910-01-01T00:00:00Z,,alto2,,
http://www.wikidata.org/entity/Q866822,Diocese de Amargosa,http://www.wikidata.org/entity/Q3146899,diocese da Igreja Católica,,1941-01-01T00:00:00Z,http://www.diocesedeamargosa.com.br,amar1,,
http://www.wikidata.org/entity/Q866843,Diocese de Amparo,http://www.wikidata.org/entity/Q3146899,diocese da Igreja Católica,,1997-01-01T00:00:00Z,http://www.diocesedeamparo.org.br,ampa0,,
http://www.wikidata.org/entity/Q866874,Diocese de Anápolis,http://www.wikidata.org/entity/Q3146899,diocese da Igreja Católica,Point(-48.9574 -16.3287),1966-01-01T00:00:00Z,https://www.diocesedeanapolis.org.br/2012/,anap0,,
http://www.wikidata.org/entity/Q866888,Diocese de Apucarana,http://www.wikidata.org/entity/Q3146899,diocese da Igreja Católica,,1964-01-01T00:00:00Z,http://www.diocesedeapucarana.com.br/,apuc0,,
http://www.wikidata.org/entity/Q116515481,Diocese de Araguaína,http://www.wikidata.org/entity/Q3146899,diocese da Igreja Católica,,2023-01-31T00:00:00Z,https://diocesedearaguaina.org/,arag0,,
http://www.wikidata.org/entity/Q866892,Diocese de Araçatuba,http://www.wikidata.org/entity/Q3146899,diocese da Igreja Católica,,1994-01-01T00:00:00Z,http://www.diocesearacatuba.com.br/,arac1,,
http://www.wikidata.org/entity/Q866895,Diocese de Araçuaí,http://www.wikidata.org/entity/Q3146899,diocese da Igreja Católica,,1913-08-25T00:00:00Z,http://diocesedearacuai.com.br/,arac2,,
http://www.wikidata.org/entity/Q866929,Diocese de Assis,http://www.wikidata.org/entity/Q3146899,diocese da Igreja Católica,,1928-01-01T00:00:00Z,http://www.diocesedeassis.org/,assi1,,
http://www.wikidata.org/entity/Q739979,Diocese de Bacabal,http://www.wikidata.org/entity/Q3146899,diocese da Igreja Católica,,1968-01-01T00:00:00Z,http://diocesedebacabal.blogspot.it/,baca0,,
http://www.wikidata.org/entity/Q680321,Diocese de Bagé,http://www.wikidata.org/entity/Q3146899,diocese da Igreja Católica,,1960-01-01T00:00:00Z,http://www.diocesebage.com/,bage0,,
http://www.wikidata.org/entity/Q867009,Diocese de Barra,http://www.wikidata.org/entity/Q3146899,diocese da Igreja Católica,,1913-01-01T00:00:00Z,https://diocesedebarra.com.br/,barr1,,
http://www.wikidata.org/entity/Q867011,Diocese de Barra do Garças,http://www.wikidata.org/entity/Q3146899,diocese da Igreja Católica,,1982-01-01T00:00:00Z,http://diocesebarradogarcas.org/,barr2,,
http://www.wikidata.org/entity/Q867010,Diocese de Barra do Piraí-Volta Redonda,http://www.wikidata.org/entity/Q3146899,diocese da Igreja Católica,,1922-01-01T00:00:00Z,http://www.diocesevr.com.br/,barr3,,
http://www.wikidata.org/entity/Q734947,Diocese de Barreiras,http://www.wikidata.org/entity/Q3146899,diocese da Igreja Católica,,1979-01-01T00:00:00Z,http://www.diocesedebarreiras.org.br/,barr5,,
http://www.wikidata.org/entity/Q867021,Diocese de Barretos,http://www.wikidata.org/entity/Q3146899,diocese da Igreja Católica,,1973-04-14T00:00:00Z,http://www.diocesedebarretos.com.br/,barr6,,
http://www.wikidata.org/entity/Q137655591,Diocese de Baturité,http://www.wikidata.org/entity/Q3146899,diocese da Igreja Católica,,2026-01-01T00:00:00Z,,batu0,,
http://www.wikidata.org/entity/Q748883,Diocese de Bauru,http://www.wikidata.org/entity/Q3146899,diocese da Igreja Católica,,1964-01-01T00:00:00Z,http://www.bispadobauru.org.br/,baur0,,
http://www.wikidata.org/entity/Q142459,Diocese de Blumenau,http://www.wikidata.org/entity/Q3146899,diocese da Igreja Católica,,2000-01-01T00:00:00Z,https://diocesedeblumenau.org.br/,blum0,,
http://www.wikidata.org/entity/Q867252,Diocese de Bom Jesus da Lapa,http://www.wikidata.org/entity/Q3146899,diocese da Igreja Católica,,1962-01-01T00:00:00Z,http://www.diocesedebomjesusdalapa.com.br/,bomj0,,
http://www.wikidata.org/entity/Q867259,Diocese de Bom Jesus do Gurgueia,http://www.wikidata.org/entity/Q3146899,diocese da Igreja Católica,Point(-44.356306 -9.072139),1920-06-18T00:00:00Z,http://www.diocesedebomjesus.org.br/,bomj1,,
http://www.wikidata.org/entity/Q867287,Diocese de Bonfim,http://www.wikidata.org/entity/Q3146899,diocese da Igreja Católica,Point(-40.19 -10.462111),1933-01-01T00:00:00Z,http://www.diocesedebonfim.com/,bonf0,,
http://www.wikidata.org/entity/Q867311,Diocese de Bragança Paulista,http://www.wikidata.org/entity/Q3146899,diocese da Igreja Católica,,1925-01-01T00:00:00Z,http://www.diocesedebraganca.com.br/,brag3,,
http://www.wikidata.org/entity/Q867309,Diocese de Bragança do Pará,http://www.wikidata.org/entity/Q3146899,diocese da Igreja Católica,,1928-01-01T00:00:00Z,http://www.diocesedebraganca.com/site2/,brag1,,
http://www.wikidata.org/entity/Q867328,Diocese de Brejo,http://www.wikidata.org/entity/Q3146899,diocese da Igreja Católica,Point(-42.751306 -3.683444),1971-01-01T00:00:00Z,http://www.diocesedebrejo.com.br/,brej0,,
http://www.wikidata.org/entity/Q867513,Diocese de Cachoeira do Sul,http://www.wikidata.org/entity/Q3146899,diocese da Igreja Católica,,1991-01-01T00:00:00Z,http://www.diocesenet.com.br/home/,cach0,,
http://www.wikidata.org/entity/Q283949,Diocese de Cachoeiro de Itapemirim,http://www.wikidata.org/entity/Q3146899,diocese da Igreja Católica,,1958-01-01T00:00:00Z,http://www.diocesecachoeiro.org.br/,cach1,,
http://www.wikidata.org/entity/Q867520,Diocese de Caetité,http://www.wikidata.org/entity/Q3146899,diocese da Igreja Católica,,1913-01-01T00:00:00Z,http://www.diocesedecaetite.org.br/,caet0,,
http://www.wikidata.org/entity/Q867536,Diocese de Caicó,http://www.wikidata.org/entity/Q3146899,diocese da Igreja Católica,Point(-37.092778 -6.458222),1939-01-01T00:00:00Z,http://www.diocesedecaico.com.br/,caic0,,
http://www.wikidata.org/entity/Q582884,Diocese de Cajazeiras,http://www.wikidata.org/entity/Q3146899,diocese da Igreja Católica,Point(-38.557722 -6.886917),1914-01-01T00:00:00Z,http://www.diocajazeiras.com.br,caja1,,
http://www.wikidata.org/entity/Q867572,Diocese de Camaçari,http://www.wikidata.org/entity/Q3146899,diocese da Igreja Católica,,2010-01-01T00:00:00Z,http://www.diocesedecamacari.com.br/,cama1,,
http://www.wikidata.org/entity/Q867593,Diocese de Campina Grande,http://www.wikidata.org/entity/Q3146899,diocese da Igreja Católica,Point(-35.881222 -7.218611),1949-01-01T00:00:00Z,http://www.diocesedecampinagrande.org/v1/,camp5,,
http://www.wikidata.org/entity/Q867609,Diocese de Campo Maior,http://www.wikidata.org/entity/Q3146899,diocese da Igreja Católica,Point(-42.1684 -4.82375),1975-01-01T00:00:00Z,http://www.diocesedecampomaior.org.br/,camp7,,
http://www.wikidata.org/entity/Q867616,Diocese de Campo Mourão,http://www.wikidata.org/entity/Q3146899,diocese da Igreja Católica,,1959-01-01T00:00:00Z,http://www.diocesecampomourao.com.br/,camp8,,
http://www.wikidata.org/entity/Q867624,Diocese de Campos,http://www.wikidata.org/entity/Q3146899,diocese da Igreja Católica,,1922-11-04T00:00:00Z,http://www.diocesedecampos.org.br,camp9,,
http://www.wikidata.org/entity/Q867649,Diocese de Caraguatatuba,http://www.wikidata.org/entity/Q3146899,diocese da Igreja Católica,,1999-01-01T00:00:00Z,http://www.diocesecaraguatatuba.com.br/,cara2,,
http://www.wikidata.org/entity/Q667484,Diocese de Caratinga,http://www.wikidata.org/entity/Q3146899,diocese da Igreja Católica,,1915-01-01T00:00:00Z,http://www.diocesecaratinga.org.br/home/,cara4,,
http://www.wikidata.org/entity/Q867659,Diocese de Carolina,http://www.wikidata.org/entity/Q3146899,diocese da Igreja Católica,Point(-47.474972 -7.330806),1958-01-01T00:00:00Z,https://www.diocesedecarolina.com.br/,caro0,,
http://www.wikidata.org/entity/Q867688,Diocese de Caruaru,http://www.wikidata.org/entity/Q3146899,diocese da Igreja Católica,,1956-01-01T00:00:00Z,http://www.diocesedecaruaru.com.br/,caru0,,
http://www.wikidata.org/entity/Q867702,Diocese de Castanhal,http://www.wikidata.org/entity/Q3146899,diocese da Igreja Católica,,2004-01-01T00:00:00Z,http://diocesedecastanhal.blogspot.com/,cast2,,
http://www.wikidata.org/entity/Q867728,Diocese de Catanduva,http://www.wikidata.org/entity/Q3146899,diocese da Igreja Católica,,2000-01-01T00:00:00Z,http://www.diocesedecatanduva.org.br/,cata4,,
http://www.wikidata.org/entity/Q867734,Diocese de Caxias do Maranhão,http://www.wikidata.org/entity/Q3146899,diocese da Igreja Católica,,1939-01-01T00:00:00Z,http://diocesedecaxiasdomaranhao.org/,caxi0,,
http://www.wikidata.org/entity/Q867747,Diocese de Caxias do Sul,http://www.wikidata.org/entity/Q3146899,diocese da Igreja Católica,,1934-01-01T00:00:00Z,http://www.diocesedecaxias.org.br/,caxi1,,
http://www.wikidata.org/entity/Q543847,Diocese de Caçador,http://www.wikidata.org/entity/Q3146899,diocese da Igreja Católica,,1968-01-01T00:00:00Z,http://diocesedecacador.org.br/,caca0,,
http://www.wikidata.org/entity/Q867802,Diocese de Chapecó,http://www.wikidata.org/entity/Q105390172,arquidiocese metropolitana católica romana,,1958-01-14T00:00:00Z,https://diocesechapeco.org.br/,chap0,,
http://www.wikidata.org/entity/Q279959,Diocese de Colatina,http://www.wikidata.org/entity/Q3146899,diocese da Igreja Católica,,1990-01-01T00:00:00Z,http://www.diocesedecolatina.org.br/novodiocese/,cola0,,
http://www.wikidata.org/entity/Q868164,Diocese de Cornélio Procópio,http://www.wikidata.org/entity/Q3146899,diocese da Igreja Católica,,1973-01-01T00:00:00Z,http://www.dioceseprocopense.org.br/,corn0,,
http://www.wikidata.org/entity/Q868167,Diocese de Coroatá,http://www.wikidata.org/entity/Q3146899,diocese da Igreja Católica,,1977-01-01T00:00:00Z,http://www.diocesedecoroata.com.br/site/,coro1,,
http://www.wikidata.org/entity/Q868175,Diocese de Corumbá,http://www.wikidata.org/entity/Q3146899,diocese da Igreja Católica,,1910-01-01T00:00:00Z,http://www.cnbboeste1.org.br/Dioceses.aspx?Id=2,coru0,,
http://www.wikidata.org/entity/Q868186,Diocese de Coxim,http://www.wikidata.org/entity/Q3146899,diocese da Igreja Católica,,1978-01-01T00:00:00Z,http://www.diocesedecoxim.com.br/,coxi0,,
http://www.wikidata.org/entity/Q868195,Diocese de Crateús,http://www.wikidata.org/entity/Q3146899,diocese da Igreja Católica,Point(-40.6679 -5.174425),1963-01-01T00:00:00Z,https://diocesedecrateus.com.br/,crat0,,
http://www.wikidata.org/entity/Q868206,Diocese de Criciúma,http://www.wikidata.org/entity/Q3146899,diocese da Igreja Católica,,1998-01-01T00:00:00Z,http://www.diocesecriciuma.com.br/,cric0,,
http://www.wikidata.org/entity/Q68844,Diocese de Cristalândia,http://www.wikidata.org/entity/Q3146899,diocese da Igreja Católica,Point(-49.19277778 -10.6),2019-07-10T00:00:00Z,http://www.prelaziadecristalandia.com.br/,cris0,,
http://www.wikidata.org/entity/Q43389050,Diocese de Cruz das Almas,http://www.wikidata.org/entity/Q3146899,diocese da Igreja Católica,,2017-11-22T00:00:00Z,https://www.diocesedecruzdasalmas.com.br/,cruz3,,
http://www.wikidata.org/entity/Q868208,Diocese de Cruzeiro do Sul,http://www.wikidata.org/entity/Q3146899,diocese da Igreja Católica,,1931-01-01T00:00:00Z,http://www.diocesecruzeirodosul.org/,cruz2,,
http://www.wikidata.org/entity/Q868359,Diocese de Diamantino,http://www.wikidata.org/entity/Q3146899,diocese da Igreja Católica,,1929-01-01T00:00:00Z,http://www.diocesedediamantino.com.br/,diam1,,
http://www.wikidata.org/entity/Q868415,Diocese de Divinópolis,http://www.wikidata.org/entity/Q3146899,diocese da Igreja Católica,,1958-01-01T00:00:00Z,http://www.diocesedivinopolis.org.br/,divi0,,
http://www.wikidata.org/entity/Q868478,Diocese de Dourados,http://www.wikidata.org/entity/Q3146899,diocese da Igreja Católica,,1957-01-01T00:00:00Z,https://diocesededourados.org.br/,dour0,,
http://www.wikidata.org/entity/Q868558,Diocese de Duque de Caxias,http://www.wikidata.org/entity/Q3146899,diocese da Igreja Católica,,1980-01-01T00:00:00Z,https://diocesededuquedecaxias.org.br/,duqu0,,
http://www.wikidata.org/entity/Q868689,Diocese de Erexim,http://www.wikidata.org/entity/Q3146899,diocese da Igreja Católica,Point(-52.2744 -27.6346),1971-01-01T00:00:00Z,http://www.diocesedeerexim.org.br/,erex0,,
http://www.wikidata.org/entity/Q868727,Diocese de Estância,http://www.wikidata.org/entity/Q3146899,diocese da Igreja Católica,,1960-01-01T00:00:00Z,http://diocesedeestancia.blogspot.com/,esta0,,
http://www.wikidata.org/entity/Q868736,Diocese de Eunápolis,http://www.wikidata.org/entity/Q3146899,diocese da Igreja Católica,,1996-01-01T00:00:00Z,http://diocesedeeunapolis.sgcp.com.br/,euna0,,
http://www.wikidata.org/entity/Q868857,Diocese de Floresta,http://www.wikidata.org/entity/Q3146899,diocese da Igreja Católica,Point(-38.570525 -8.603325),1964-01-01T00:00:00Z,http://diocesedefloresta.wordpress.com/,flor2,,
http://www.wikidata.org/entity/Q868863,Diocese de Floriano,http://www.wikidata.org/entity/Q3146899,diocese da Igreja Católica,Point(-43.02195 -6.7676),2008-01-01T00:00:00Z,http://www.diocesedefloriano.org.br,flor4,,
http://www.wikidata.org/entity/Q868913,Diocese de Formosa,http://www.wikidata.org/entity/Q3146899,diocese da Igreja Católica,Point(-47.33725 -15.54515),1956-01-01T00:00:00Z,http://www.dioceseformosa.org.br/,form1,,
http://www.wikidata.org/entity/Q868941,Diocese de Foz do Iguaçu,http://www.wikidata.org/entity/Q3146899,diocese da Igreja Católica,,1926-01-01T00:00:00Z,http://www.diocesedefoz.org.br/,fozd0,,
http://www.wikidata.org/entity/Q744032,Diocese de Franca,http://www.wikidata.org/entity/Q3146899,diocese da Igreja Católica,,1971-02-20T00:00:00Z,http://www.diocesefranca.org.br,fran0,,
http://www.wikidata.org/entity/Q868950,Diocese de Frederico Westphalen,http://www.wikidata.org/entity/Q3146899,diocese da Igreja Católica,,1961-01-01T00:00:00Z,http://www.diocesefw.com.br/new/index.php,fred0,,
http://www.wikidata.org/entity/Q869046,Diocese de Garanhuns,http://www.wikidata.org/entity/Q3146899,diocese da Igreja Católica,,1918-01-01T00:00:00Z,http://www.diocesegaranhuns.org/site/,gara1,,
http://www.wikidata.org/entity/Q181783,Diocese de Goiás,http://www.wikidata.org/entity/Q3146899,diocese da Igreja Católica,,1745-01-01T00:00:00Z,http://www.diocesedegoias.org.br/,goia1,,
http://www.wikidata.org/entity/Q869168,Diocese de Governador Valadares,http://www.wikidata.org/entity/Q3146899,diocese da Igreja Católica,,1956-01-01T00:00:00Z,http://www.diocesegv.org.br/,gove0,,
http://www.wikidata.org/entity/Q869188,Diocese de Grajaú,http://www.wikidata.org/entity/Q3146899,diocese da Igreja Católica,,1922-02-10T00:00:00Z,http://www.diocesegrajau.org.br/,graj0,,
http://www.wikidata.org/entity/Q869256,Diocese de Guajará-Mirim,http://www.wikidata.org/entity/Q3146899,diocese da Igreja Católica,,1929-01-01T00:00:00Z,http://dioceseguajaramirim.com.br/,guaj0,,
http://www.wikidata.org/entity/Q676773,Diocese de Guanhães,http://www.wikidata.org/entity/Q3146899,diocese da Igreja Católica,,1985-01-01T00:00:00Z,http://www.diocesedeguanhaes.com.br,guan1,,
http://www.wikidata.org/entity/Q869283,Diocese de Guarabira,http://www.wikidata.org/entity/Q3146899,diocese da Igreja Católica,,1980-01-01T00:00:00Z,http://diocesedeguarabira.blogspot.com.br/,guar0,,
http://www.wikidata.org/entity/Q869295,Diocese de Guarapuava,http://www.wikidata.org/entity/Q3146899,diocese da Igreja Católica,,1965-12-16T00:00:00Z,http://www.diopuava.org.br/,guar2,,
http://www.wikidata.org/entity/Q869312,Diocese de Guarulhos,http://www.wikidata.org/entity/Q3146899,diocese da Igreja Católica,,1981-01-30T00:00:00Z,http://www.diocesedeguarulhos.org.br/,guar5,,
http://www.wikidata.org/entity/Q869317,Diocese de Guaxupé,http://www.wikidata.org/entity/Q3146899,diocese da Igreja Católica,,1916-02-03T00:00:00Z,http://www.diocese.guaxupe.org.br,guax0,,
http://www.wikidata.org/entity/Q869324,Diocese de Guiratinga,http://www.wikidata.org/entity/Q27780831,diocese católica romana extinta,,1914-01-01T00:00:00Z,http://diocguiratinga.webnode.com.br,,,
http://www.wikidata.org/entity/Q869536,Diocese de Humaitá,http://www.wikidata.org/entity/Q3146899,diocese da Igreja Católica,,1961-01-01T00:00:00Z,http://www.diocesedehumaita.org.br/,huma0,,
http://www.wikidata.org/entity/Q869670,Diocese de Iguatu,http://www.wikidata.org/entity/Q3146899,diocese da Igreja Católica,Point(-39.29865 -6.359175),1961-01-01T00:00:00Z,http://www.diocesedeiguatu.org.br/,igua0,,
http://www.wikidata.org/entity/Q869701,Diocese de Ilhéus,http://www.wikidata.org/entity/Q3146899,diocese da Igreja Católica,,1913-01-01T00:00:00Z,https://diocesedeilheus.com.br/,ilhe0,,
http://www.wikidata.org/entity/Q540349,Diocese de Imperatriz,http://www.wikidata.org/entity/Q3146899,diocese da Igreja Católica,,1987-01-01T00:00:00Z,http://www.diocesedeimperatriz.org.br/,impe0,,
http://www.wikidata.org/entity/Q869748,Diocese de Ipameri,http://www.wikidata.org/entity/Q3146899,diocese da Igreja Católica,Point(-48.1606 -17.722475),1966-01-01T00:00:00Z,http://www.diocesedeanapolis.org.br/,ipam0,,
http://www.wikidata.org/entity/Q655380,Diocese de Irecê,http://www.wikidata.org/entity/Q3146899,diocese da Igreja Católica,,1979-01-01T00:00:00Z,,irec0,,
http://www.wikidata.org/entity/Q869828,Diocese de Itabuna,http://www.wikidata.org/entity/Q3146899,diocese da Igreja Católica,,1978-01-01T00:00:00Z,http://diocesedeitabuna.com.br/,itab1,,
http://www.wikidata.org/entity/Q225897,Diocese de Itaguaí,http://www.wikidata.org/entity/Q3146899,diocese da Igreja Católica,,1980-01-01T00:00:00Z,https://dioceseitaguai.org.br/,itag0,,
http://www.wikidata.org/entity/Q1567400,Diocese de Itapetininga,http://www.wikidata.org/entity/Q3146899,diocese da Igreja Católica,,1998-01-01T00:00:00Z,http://www.diocesedeitapetininga.com.br/site/index.php,itap0,,
http://www.wikidata.org/entity/Q869845,Diocese de Itapeva,http://www.wikidata.org/entity/Q3146899,diocese da Igreja Católica,,1968-01-01T00:00:00Z,https://www.dioceseitapeva.com.br/,itap1,,
http://www.wikidata.org/entity/Q1574069,Diocese de Itapipoca,http://www.wikidata.org/entity/Q3146899,diocese da Igreja Católica,,1971-01-01T00:00:00Z,http://diocesedeitapipoca.org.br/,itap2,,
http://www.wikidata.org/entity/Q869860,Diocese de Ituiutaba,http://www.wikidata.org/entity/Q3146899,diocese da Igreja Católica,,1982-01-01T00:00:00Z,http://www.diocesedeituiutaba.com.br/,itui0,,
http://www.wikidata.org/entity/Q869875,Diocese de Itumbiara,http://www.wikidata.org/entity/Q3146899,diocese da Igreja Católica,,1966-01-01T00:00:00Z,http://www.dioceseitumbiara.hpg.com.br,itum0,,
http://www.wikidata.org/entity/Q869885,Diocese de Jaboticabal,http://www.wikidata.org/entity/Q3146899,diocese da Igreja Católica,,1929-01-01T00:00:00Z,http://www.diocesejaboticabal.org.br/home/,jabo0,,
http://www.wikidata.org/entity/Q869892,Diocese de Jacarezinho,http://www.wikidata.org/entity/Q3146899,diocese da Igreja Católica,,1926-01-01T00:00:00Z,http://www.diocesedejacarezinho.com.br/,jaca1,,
http://www.wikidata.org/entity/Q667346,Diocese de Jales,http://www.wikidata.org/entity/Q3146899,diocese da Igreja Católica,,1959-01-01T00:00:00Z,http://www.diocesedejales.org.br/,jale0,,
http://www.wikidata.org/entity/Q869934,Diocese de Janaúba,http://www.wikidata.org/entity/Q3146899,diocese da Igreja Católica,,2000-01-01T00:00:00Z,http://diocesedejanauba.com.br,jana0,,
http://www.wikidata.org/entity/Q517535,Diocese de Januária,http://www.wikidata.org/entity/Q3146899,diocese da Igreja Católica,,1957-01-01T00:00:00Z,http://diocesedejanuaria.com.br/site/,janu0,,
http://www.wikidata.org/entity/Q869942,Diocese de Jardim,http://www.wikidata.org/entity/Q3146899,diocese da Igreja Católica,,1981-01-01T00:00:00Z,http://diocesejardim.blogspot.com/,jard0,,
http://www.wikidata.org/entity/Q869964,Diocese de Jataí,http://www.wikidata.org/entity/Q3146899,diocese da Igreja Católica,,1929-01-01T00:00:00Z,https://www.diocesedejatai.org/,jata0,,
http://www.wikidata.org/entity/Q869990,Diocese de Jequié,http://www.wikidata.org/entity/Q3146899,diocese da Igreja Católica,,1978-01-01T00:00:00Z,http://www.diocesedejequie.com.br/,jequ0,,
http://www.wikidata.org/entity/Q870043,Diocese de Ji-Paraná,http://www.wikidata.org/entity/Q3146899,diocese da Igreja Católica,,1978-01-01T00:00:00Z,http://www.diocesedejiparana.org.br/,jipa0,,
http://www.wikidata.org/entity/Q870102,Diocese de Joaçaba,http://www.wikidata.org/entity/Q3146899,diocese da Igreja Católica,,1975-01-01T00:00:00Z,http://www.catedraljoacaba.com.br/diocese.php,joac0,,
http://www.wikidata.org/entity/Q582915,Diocese de Joinville,http://www.wikidata.org/entity/Q105390172,arquidiocese metropolitana católica romana,,1927-01-01T00:00:00Z,http://www.diocesejoinville.com.br/,join0,,
http://www.wikidata.org/entity/Q301661,Diocese de Juazeiro,http://www.wikidata.org/entity/Q3146899,diocese da Igreja Católica,,1962-01-01T00:00:00Z,http://diocesedejuazeiro.org.br/,juaz0,,
http://www.wikidata.org/entity/Q870125,Diocese de Jundiaí,http://www.wikidata.org/entity/Q3146899,diocese da Igreja Católica,,1966-11-07T00:00:00Z,http://www.dj.org.br/,jund0,,
http://www.wikidata.org/entity/Q241690,Diocese de Juína,http://www.wikidata.org/entity/Q3146899,diocese da Igreja Católica,,1997-01-01T00:00:00Z,https://www.diocesejuina.com.br/,juin0,,
http://www.wikidata.org/entity/Q870956,Diocese de Lages,http://www.wikidata.org/entity/Q3146899,diocese da Igreja Católica,,1927-01-01T00:00:00Z,http://www.diocesedelages.org.br/,lage0,,
http://www.wikidata.org/entity/Q871162,Diocese de Leopoldina,http://www.wikidata.org/entity/Q3146899,diocese da Igreja Católica,,1942-01-01T00:00:00Z,http://www.diocesedesaojoaodelrei.com.br/,leop0,,
http://www.wikidata.org/entity/Q871213,Diocese de Limeira,http://www.wikidata.org/entity/Q3146899,diocese da Igreja Católica,,1976-01-01T00:00:00Z,https://diocesedelimeira.org.br/,lime0,,
http://www.wikidata.org/entity/Q871230,Diocese de Limoeiro do Norte,http://www.wikidata.org/entity/Q3146899,diocese da Igreja Católica,,1938-01-01T00:00:00Z,https://www.diocesedelimoeiro.org,limo0,,
http://www.wikidata.org/entity/Q871286,Diocese de Lins,http://www.wikidata.org/entity/Q373074,diocese sufragânea,,1926-01-01T00:00:00Z,http://www.diocesedelins.com.br,lins0,,
http://www.wikidata.org/entity/Q871286,Diocese de Lins,http://www.wikidata.org/entity/Q3146899,diocese da Igreja Católica,,1926-01-01T00:00:00Z,http://www.diocesedelins.com.br,lins0,,
http://www.wikidata.org/entity/Q871350,Diocese de Livramento de Nossa Senhora,http://www.wikidata.org/entity/Q3146899,diocese da Igreja Católica,,1967-01-01T00:00:00Z,http://www.diocesedelivramento.org/,livr0,,
http://www.wikidata.org/entity/Q871428,Diocese de Lorena,http://www.wikidata.org/entity/Q3146899,diocese da Igreja Católica,,1937-07-31T00:00:00Z,http://www.mitralorena.com.br/,lore0,,
http://www.wikidata.org/entity/Q871538,Diocese de Luz,http://www.wikidata.org/entity/Q3146899,diocese da Igreja Católica,,1918-01-01T00:00:00Z,http://www.diocesedeluz.org.br,luzz0,,
http://www.wikidata.org/entity/Q267155,Diocese de Luziânia,http://www.wikidata.org/entity/Q3146899,diocese da Igreja Católica,,1989-01-01T00:00:00Z,http://diocesedeluziania.blogspot.com/,luzi0,,
http://www.wikidata.org/entity/Q871604,Diocese de Macapá,http://www.wikidata.org/entity/Q3146899,diocese da Igreja Católica,,1949-01-01T00:00:00Z,http://www.diocesedemacapa.com.br/,maca0,,
http://www.wikidata.org/entity/Q872035,Diocese de Marília,http://www.wikidata.org/entity/Q3146899,diocese da Igreja Católica,,1952-01-01T00:00:00Z,http://www.diocesedemarilia.org.br/,mari4,,
http://www.wikidata.org/entity/Q872448,Diocese de Miracema do Tocantins,http://www.wikidata.org/entity/Q3146899,diocese da Igreja Católica,,1966-01-01T00:00:00Z,http://diocesedemiracemato.org.br/,mira0,,
http://www.wikidata.org/entity/Q872482,Diocese de Mogi das Cruzes,http://www.wikidata.org/entity/Q3146899,diocese da Igreja Católica,,1962-01-01T00:00:00Z,http://www.diocesedemogi.org.br/,mogi0,,
http://www.wikidata.org/entity/Q119904,Diocese de Montenegro,http://www.wikidata.org/entity/Q3146899,diocese da Igreja Católica,,2008-01-01T00:00:00Z,http://www.diocesemontenegro.com.br/home,montI,,
http://www.wikidata.org/entity/Q872623,Diocese de Mossoró,http://www.wikidata.org/entity/Q3146899,diocese da Igreja Católica,,1934-01-01T00:00:00Z,http://diocesedemossoro.blogspot.com/,moss2,,
http://www.wikidata.org/entity/Q383951,Diocese de Nazaré,http://www.wikidata.org/entity/Q3146899,diocese da Igreja Católica,,1918-01-01T00:00:00Z,http://www.diocesedenazare.org/,naza0,,
http://www.wikidata.org/entity/Q873209,Diocese de Nova Friburgo,http://www.wikidata.org/entity/Q3146899,diocese da Igreja Católica,,1960-01-01T00:00:00Z,http://diocesenf.org.br/,nova1,,
http://www.wikidata.org/entity/Q873227,Diocese de Nova Iguaçu,http://www.wikidata.org/entity/Q3146899,diocese da Igreja Católica,,1960-01-01T00:00:00Z,http://www.mitrani.org.br/,nova2,,
http://www.wikidata.org/entity/Q873393,Diocese de Oeiras,http://www.wikidata.org/entity/Q3146899,diocese da Igreja Católica,,1944-01-01T00:00:00Z,http://diocesedeoeiras.org/,oeir0,,
http://www.wikidata.org/entity/Q686749,Diocese de Oliveira,http://www.wikidata.org/entity/Q3146899,diocese da Igreja Católica,,1941-01-01T00:00:00Z,http://www.dioceseoliveira.org.br/,oliv0,,
http://www.wikidata.org/entity/Q390166,Diocese de Osasco,http://www.wikidata.org/entity/Q3146899,diocese da Igreja Católica,,1989-01-01T00:00:00Z,http://www.diocesedeosasco.com.br/,osas0,,
http://www.wikidata.org/entity/Q114679,Diocese de Osório,http://www.wikidata.org/entity/Q3146899,diocese da Igreja Católica,,1999-01-01T00:00:00Z,http://www.diocesedeosorio.org/,osor0,,
http://www.wikidata.org/entity/Q873674,Diocese de Ourinhos,http://www.wikidata.org/entity/Q3146899,diocese da Igreja Católica,Point(-49.870187908 -22.979398413),1998-01-01T00:00:00Z,http://dioceseourinhos.wordpress.com/,ouri0,,
http://www.wikidata.org/entity/Q873825,Diocese de Palmares,http://www.wikidata.org/entity/Q3146899,diocese da Igreja Católica,,1962-01-01T00:00:00Z,https://www.diocesepalmares.org/,palm2,,
http://www.wikidata.org/entity/Q263130,Diocese de Palmas e Francisco Beltrão,http://www.wikidata.org/entity/Q3146899,diocese da Igreja Católica,,1933-01-01T00:00:00Z,http://www.curiadiocesana.com.br/home.php,palm3,,
http://www.wikidata.org/entity/Q512685,Diocese de Palmeira dos Índios,http://www.wikidata.org/entity/Q3146899,diocese da Igreja Católica,,1962-01-01T00:00:00Z,http://www.diocesedecampos.org.br/,palm4,,
http://www.wikidata.org/entity/Q873877,Diocese de Paracatu,http://www.wikidata.org/entity/Q3146899,diocese da Igreja Católica,,1929-01-01T00:00:00Z,https://dioceseparacatu.org.br/,para3,,
http://www.wikidata.org/entity/Q873900,Diocese de Paranaguá,http://www.wikidata.org/entity/Q3146899,diocese da Igreja Católica,,1962-01-01T00:00:00Z,http://www.diocesedeparanagua.com.br/,para5,,
http://www.wikidata.org/entity/Q873920,Diocese de Paranavaí,http://www.wikidata.org/entity/Q3146899,diocese da Igreja Católica,,1968-01-01T00:00:00Z,http://www.maedaigreja.org.br/,para6,,
http://www.wikidata.org/entity/Q873927,Diocese de Parintins,http://www.wikidata.org/entity/Q3146899,diocese da Igreja Católica,,1955-01-01T00:00:00Z,,pari1,,
http://www.wikidata.org/entity/Q873938,Diocese de Parnaíba,http://www.wikidata.org/entity/Q3146899,diocese da Igreja Católica,,1944-01-01T00:00:00Z,http://www.diocesedeparnaiba.org.br/,parn0,,
http://www.wikidata.org/entity/Q873986,Diocese de Patos,http://www.wikidata.org/entity/Q3146899,diocese da Igreja Católica,,1959-01-01T00:00:00Z,http://www.diocesedepatospb.org.br/,pato0,,
http://www.wikidata.org/entity/Q873998,Diocese de Patos de Minas,http://www.wikidata.org/entity/Q3146899,diocese da Igreja Católica,,1955-01-01T00:00:00Z,http://www.diocesedepatosdeminas.org.br/index.php,pato1,,
http://www.wikidata.org/entity/Q874022,Diocese de Paulo Afonso,http://www.wikidata.org/entity/Q3146899,diocese da Igreja Católica,,1971-01-01T00:00:00Z,https://diocesedepauloafonso.com.br/,paul0,,
http://www.wikidata.org/entity/Q874077,Diocese de Penedo,http://www.wikidata.org/entity/Q3146899,diocese da Igreja Católica,,1916-01-01T00:00:00Z,http://www.diocesedepenedo-al.org.br/,pene0,,
http://www.wikidata.org/entity/Q874120,Diocese de Pesqueira,http://www.wikidata.org/entity/Q3146899,diocese da Igreja Católica,,1910-01-01T00:00:00Z,http://www.diocesedepesqueira.org,pesq0,,
http://www.wikidata.org/entity/Q874125,Diocese de Petrolina,http://www.wikidata.org/entity/Q3146899,diocese da Igreja Católica,,1923-01-01T00:00:00Z,http://www.diocesedepetrolina.org.br/,petr1,,
http://www.wikidata.org/entity/Q874140,Diocese de Petrópolis,http://www.wikidata.org/entity/Q3146899,diocese da Igreja Católica,,1946-01-01T00:00:00Z,http://www.diocesepetropolis.org.br/,petr2,,
http://www.wikidata.org/entity/Q874172,Diocese de Picos,http://www.wikidata.org/entity/Q3146899,diocese da Igreja Católica,,1974-01-01T00:00:00Z,http://www.diocesedepicos.org.br/portal/,pico0,,
http://www.wikidata.org/entity/Q874260,Diocese de Pinheiro,http://www.wikidata.org/entity/Q3146899,diocese da Igreja Católica,,1939-01-01T00:00:00Z,http://diocesedepinheiro.com/,pinh0,,
http://www.wikidata.org/entity/Q874269,Diocese de Piracicaba,http://www.wikidata.org/entity/Q3146899,diocese da Igreja Católica,,1944-01-01T00:00:00Z,http://www.diocesedepiracicaba.org.br/,pira0,,
http://www.wikidata.org/entity/Q874347,Diocese de Ponta Grossa,http://www.wikidata.org/entity/Q3146899,diocese da Igreja Católica,,1926-01-01T00:00:00Z,http://www.diocesepontagrossa.com.br/,pont2,,
http://www.wikidata.org/entity/Q874362,Diocese de Ponta de Pedras,http://www.wikidata.org/entity/Q3146899,diocese da Igreja Católica,,1963-01-01T00:00:00Z,https://diocesepontadepedras.blogspot.com/,pont1,,
http://www.wikidata.org/entity/Q874461,Diocese de Porto Nacional,http://www.wikidata.org/entity/Q3146899,diocese da Igreja Católica,,1915-01-01T00:00:00Z,http://dioceseportonacional.org.br/,pnac0,,
http://www.wikidata.org/entity/Q874548,Diocese de Presidente Prudente,http://www.wikidata.org/entity/Q3146899,diocese da Igreja Católica,Point(-51.389024416 -22.122656579),1960-01-01T00:00:00Z,http://www.diocesepresidenteprudente.com.br/,pres0,,
http://www.wikidata.org/entity/Q17280150,Diocese de Primavera do Leste–Paranatinga,http://www.wikidata.org/entity/Q3146899,diocese da Igreja Católica,,2014-01-01T00:00:00Z,https://dioceseprimaveraptga.org.br,para8,,
http://www.wikidata.org/entity/Q1546754,Diocese de Propriá,http://www.wikidata.org/entity/Q3146899,diocese da Igreja Católica,,1960-01-01T00:00:00Z,http://www.diocesedepropria.com.br/,prop0,,
http://www.wikidata.org/entity/Q995995,Diocese de Quixadá,http://www.wikidata.org/entity/Q3146899,diocese da Igreja Católica,,1971-01-01T00:00:00Z,http://www.diocesequixada.org/net/,quix0,,
http://www.wikidata.org/entity/Q874928,Diocese de Registro,http://www.wikidata.org/entity/Q3146899,diocese da Igreja Católica,,1974-01-01T00:00:00Z,http://www.diocesederegistro.com.br,regi1,,
http://www.wikidata.org/entity/Q874983,Diocese de Rio Branco,http://www.wikidata.org/entity/Q3146899,diocese da Igreja Católica,,1919-01-01T00:00:00Z,http://www.dioceseriobranco.com.br,riob0,,
http://www.wikidata.org/entity/Q740053,Diocese de Rio Grande,http://www.wikidata.org/entity/Q3146899,diocese da Igreja Católica,,1971-01-01T00:00:00Z,http://dioceserg.cristo.com.br/,riog1,,
http://www.wikidata.org/entity/Q875013,Diocese de Rio do Sul,http://www.wikidata.org/entity/Q3146899,diocese da Igreja Católica,,1968-01-01T00:00:00Z,http://www.dioceseriodosul.com.br/,riod0,,
http://www.wikidata.org/entity/Q113091,Diocese de Roraima,http://www.wikidata.org/entity/Q3146899,diocese da Igreja Católica,,1934-01-01T00:00:00Z,https://diocesederoraima.org.br/,rora0,,
http://www.wikidata.org/entity/Q113091,Diocese de Roraima,http://www.wikidata.org/entity/Q3146899,diocese da Igreja Católica,,1979-10-16T00:00:00Z,https://diocesederoraima.org.br/,rora0,,
http://www.wikidata.org/entity/Q875151,Diocese de Rubiataba-Mozarlândia,http://www.wikidata.org/entity/Q3146899,diocese da Igreja Católica,,1966-01-01T00:00:00Z,http://www.cnbbco.org.br/diocese_detalhe.php?id_diocese,rubi0,,
http://www.wikidata.org/entity/Q875227,Diocese de Ruy Barbosa,http://www.wikidata.org/entity/Q3146899,diocese da Igreja Católica,,1959-01-01T00:00:00Z,https://diocesederuybarbosa.com.br/,ruyb0,,
http://www.wikidata.org/entity/Q875539,Diocese de Salgueiro,http://www.wikidata.org/entity/Q3146899,diocese da Igreja Católica,,2010-01-01T00:00:00Z,http://www.diocesedesalgueiro.org.br/,salg0,,
http://www.wikidata.org/entity/Q876048,Diocese de Santa Cruz do Sul,http://www.wikidata.org/entity/Q3146899,diocese da Igreja Católica,,1959-01-01T00:00:00Z,http://www.mitrascs.com.br/,zcru1,,
http://www.wikidata.org/entity/Q105515141,Diocese de Santarém do Pará,http://www.wikidata.org/entity/Q3146899,diocese da Igreja Católica,,1979-10-16T00:00:00Z,,,,
http://www.wikidata.org/entity/Q105515141,Diocese de Santarém do Pará,http://www.wikidata.org/entity/Q15893266,antiga entidade,,1979-10-16T00:00:00Z,,,,
http://www.wikidata.org/entity/Q876165,Diocese de Santo Amaro,http://www.wikidata.org/entity/Q3146899,diocese da Igreja Católica,,1989-01-01T00:00:00Z,http://www.temporeal.org/,zama0,,
http://www.wikidata.org/entity/Q522841,Diocese de Santo Ângelo,http://www.wikidata.org/entity/Q3146899,diocese da Igreja Católica,,1961-01-01T00:00:00Z,http://www.diocesedesantoangelo.org.br/,zang2,,
http://www.wikidata.org/entity/Q876196,Diocese de Santos,http://www.wikidata.org/entity/Q3146899,diocese da Igreja Católica,,1924-01-01T00:00:00Z,http://www.diocesedesantos.com.br/web/guest/principal,sant4,,
http://www.wikidata.org/entity/Q876204,Diocese de Santíssima Conceição do Araguaia,http://www.wikidata.org/entity/Q3146899,diocese da Igreja Católica,,1911-01-01T00:00:00Z,http://www.diocesedeconceicao.com.br/,zcon0,,
http://www.wikidata.org/entity/Q876365,Diocese de Serrinha,http://www.wikidata.org/entity/Q3146899,diocese da Igreja Católica,,2005-01-01T00:00:00Z,,serr0,,
http://www.wikidata.org/entity/Q876360,Diocese de Sete Lagoas,http://www.wikidata.org/entity/Q3146899,diocese da Igreja Católica,,1955-01-01T00:00:00Z,http://www.diocesedesetelagoas.com.br/,sete0,,
http://www.wikidata.org/entity/Q876565,Diocese de Sinop,http://www.wikidata.org/entity/Q3146899,diocese da Igreja Católica,,1982-01-01T00:00:00Z,http://www.diocesedesinop.com.br/,sino0,,
http://www.wikidata.org/entity/Q876656,Diocese de Sobral,http://www.wikidata.org/entity/Q3146899,diocese da Igreja Católica,,1915-01-01T00:00:00Z,http://diocesedesobral.com/novo/,sobr0,,
http://www.wikidata.org/entity/Q876931,Diocese de São Carlos,http://www.wikidata.org/entity/Q3146899,diocese da Igreja Católica,,1908-01-01T00:00:00Z,http://www.diocesesaocarlos.org.br,zcar4,,
http://www.wikidata.org/entity/Q80436,Diocese de São Gabriel da Cachoeira,http://www.wikidata.org/entity/Q3146899,diocese da Igreja Católica,Point(-67.086333333 -0.135333333),1925-01-01T00:00:00Z,,zgab0,,
http://www.wikidata.org/entity/Q876940,Diocese de São José do Rio Preto,http://www.wikidata.org/entity/Q105390172,arquidiocese metropolitana católica romana,,1929-01-25T00:00:00Z,https://arquidiocesesjrp.org.br/,riop0,,
http://www.wikidata.org/entity/Q876937,Diocese de São José dos Campos,http://www.wikidata.org/entity/Q3146899,diocese da Igreja Católica,,1981-01-01T00:00:00Z,http://www.diocese-sjc.org.br/,zjos6,,
http://www.wikidata.org/entity/Q876954,Diocese de São José dos Pinhais,http://www.wikidata.org/entity/Q3146899,diocese da Igreja Católica,,2006-01-01T00:00:00Z,http://www.diocesesjp.org.br/,zjosD,,
http://www.wikidata.org/entity/Q876961,Diocese de São João da Boa Vista,http://www.wikidata.org/entity/Q3146899,diocese da Igreja Católica,,1960-01-01T00:00:00Z,http://www.diocesesaojoao.org.br/novo/,zjoa1,,
http://www.wikidata.org/entity/Q876964,Diocese de São João del-Rei,http://www.wikidata.org/entity/Q3146899,diocese da Igreja Católica,,1960-01-01T00:00:00Z,http://www.diocesedesaojoaodelrei.com.br,zjoa2,,
http://www.wikidata.org/entity/Q876974,Diocese de São Luís de Cáceres,http://www.wikidata.org/entity/Q3146899,diocese da Igreja Católica,,1910-01-01T00:00:00Z,http://www.cnbbo2.org.br/?system,zlui3,,
http://www.wikidata.org/entity/Q876970,Diocese de São Luís de Montes Belos,http://www.wikidata.org/entity/Q3146899,diocese da Igreja Católica,,1961-01-01T00:00:00Z,http://www.cnbbco.com/dioceses/diocese-de-sl-de-montes-belos,zlui4,,
http://www.wikidata.org/entity/Q876986,Diocese de São Mateus,http://www.wikidata.org/entity/Q3146899,diocese da Igreja Católica,,1958-01-01T00:00:00Z,http://www.diocesedesaomateus.org.br/portal/,zmat0,,
http://www.wikidata.org/entity/Q876992,Diocese de São Miguel Paulista,http://www.wikidata.org/entity/Q3146899,diocese da Igreja Católica,,1989-01-01T00:00:00Z,http://www.diocesesaomiguel.org.br/,zmig2,,
http://www.wikidata.org/entity/Q876995,Diocese de São Raimundo Nonato,http://www.wikidata.org/entity/Q3146899,diocese da Igreja Católica,Point(-42.687063203 -9.014181487),1960-01-01T00:00:00Z,http://www.diocesedesaoraimundo.com.br/,zram0,,
http://www.wikidata.org/entity/Q206749,Diocese de Taubaté,http://www.wikidata.org/entity/Q3146899,diocese da Igreja Católica,,1908-01-01T00:00:00Z,http://dt7.com.br/,taub0,,
http://www.wikidata.org/entity/Q287601,Diocese de Teófilo Otoni,http://www.wikidata.org/entity/Q3146899,diocese da Igreja Católica,,1960-01-01T00:00:00Z,http://dioceseteofilootoni.com.br/,teof0,,
http://www.wikidata.org/entity/Q877287,Diocese de Tianguá,http://www.wikidata.org/entity/Q3146899,diocese da Igreja Católica,Point(-40.990817 -3.720111),1971-03-13T00:00:00Z,https://www.diocesedetiangua.org/,tian0,,
http://www.wikidata.org/entity/Q877370,Diocese de Tocantinópolis,http://www.wikidata.org/entity/Q3146899,diocese da Igreja Católica,,1954-12-20T00:00:00Z,http://diocesedetocantinopolis.org.br/,toca0,,
http://www.wikidata.org/entity/Q877402,Diocese de Toledo,http://www.wikidata.org/entity/Q3146899,diocese da Igreja Católica,,1959-01-01T00:00:00Z,http://www.diocesedetoledo.org,tole2,,
http://www.wikidata.org/entity/Q877534,Diocese de Três Lagoas,http://www.wikidata.org/entity/Q3146899,diocese da Igreja Católica,,1978-01-01T00:00:00Z,http://www.diocese3lagoas.com.br,tres0,,
http://www.wikidata.org/entity/Q877562,Diocese de Tubarão,http://www.wikidata.org/entity/Q3146899,diocese da Igreja Católica,,1954-01-01T00:00:00Z,http://www.diocesetubarao.com.br/,tuba0,,
http://www.wikidata.org/entity/Q877625,Diocese de Uberlândia,http://www.wikidata.org/entity/Q3146899,diocese da Igreja Católica,,1961-01-01T00:00:00Z,http://elodafe.com/index.php,uber1,,
http://www.wikidata.org/entity/Q877653,Diocese de Umuarama,http://www.wikidata.org/entity/Q3146899,diocese da Igreja Católica,,1973-01-01T00:00:00Z,http://www.diocesedeumuarama.org.br/,umua1,,
http://www.wikidata.org/entity/Q431821,Diocese de União da Vitória,http://www.wikidata.org/entity/Q3146899,diocese da Igreja Católica,,1976-01-01T00:00:00Z,http://www.dioceseunivitoria.org.br/site/,unia0,,
http://www.wikidata.org/entity/Q283370,Diocese de Uruaçu,http://www.wikidata.org/entity/Q3146899,diocese da Igreja Católica,,1956-01-01T00:00:00Z,http://www.diocesedeuruacu.com.br,urua0,,
http://www.wikidata.org/entity/Q877684,Diocese de Uruguaiana,http://www.wikidata.org/entity/Q3146899,diocese da Igreja Católica,,1910-01-01T00:00:00Z,http://www.diocesedeuruguaiana.org.br/,urug0,,
http://www.wikidata.org/entity/Q877708,Diocese de Vacaria,http://www.wikidata.org/entity/Q3146899,diocese da Igreja Católica,,1934-01-01T00:00:00Z,https://www.diocesevacaria.com.br/,vaca0,,
http://www.wikidata.org/entity/Q877722,Diocese de Valença,http://www.wikidata.org/entity/Q3146899,diocese da Igreja Católica,,1925-01-01T00:00:00Z,http://www.diocesedevalenca.org/site/index.php,vale2,,
http://www.wikidata.org/entity/Q877823,Diocese de Viana (Brasil),http://www.wikidata.org/entity/Q3146899,diocese da Igreja Católica,,1962-01-01T00:00:00Z,http://www.diocesedeviana.org.br/,vian0,,
http://www.wikidata.org/entity/Q25935733,Diocese de Votuporanga,http://www.wikidata.org/entity/Q3146899,diocese da Igreja Católica,Point(-49.972777777 -20.422777777),,http://www.nossasenhoravotuporanga.com.br/,votu0,,
http://www.wikidata.org/entity/Q73749504,Diocese de Xingu-Altamira,http://www.wikidata.org/entity/Q3146899,diocese da Igreja Católica,,2019-11-06T00:00:00Z,http://www.prelaziadoxingu.com.br/,xing0,,
http://www.wikidata.org/entity/Q878454,Diocese de Zé Doca,http://www.wikidata.org/entity/Q3146899,diocese da Igreja Católica,,1961-01-01T00:00:00Z,https://diocesezedoca-ma.blogspot.com/,zedo0,,
http://www.wikidata.org/entity/Q868193,Diocese do Crato,http://www.wikidata.org/entity/Q3146899,diocese da Igreja Católica,,1914-10-20T00:00:00Z,http://www.diocesedecrato.org.br/,crat1,,
http://www.wikidata.org/entity/Q1346584,Eparquia Greco-Melquita de Nossa Senhora do Paraíso,http://www.wikidata.org/entity/Q105389481,eparquia católica,,1971-01-01T00:00:00Z,http://www.maakaroun.co.cc,noss1,,
http://www.wikidata.org/entity/Q16874531,Eparquia da Imaculada Conceição em Prudentópolis dos Ucranianos,http://www.wikidata.org/entity/Q105389481,eparquia católica,Point(-49.25 -25.4667),,https://metropolia.org.br/eparquia/,imac0,,
http://www.wikidata.org/entity/Q261532,Eparquia de São João Batista em Curitiba dos Ucranianos,http://www.wikidata.org/entity/Q108822885,Arquieparquia Metropolitana Católica,Point(-49.25 -25.4667),1962-01-01T00:00:00Z,http://www.eparquiaucraniana.com.br/site/,zjoa0,,
http://www.wikidata.org/entity/Q1346571,Eparquia maronita no Brasil,http://www.wikidata.org/entity/Q20725872,Eastern Catholic eparchy,,,http://www.igrejamaronita.org.br/,noss0,,
http://www.wikidata.org/entity/Q620192,Exarcado Apostólico para os fiéis de Rito Armênio residentes na América Latina e México,http://www.wikidata.org/entity/Q3732788,apostolic exarchate,,1981-01-01T00:00:00Z,,lati1,,
http://www.wikidata.org/entity/Q899330,Ordinariado Militar do Brasil,http://www.wikidata.org/entity/Q1531518,military ordinariate,,1950-01-01T00:00:00Z,http://arquidiocesemilitar.org.br,braz2,,
http://www.wikidata.org/entity/Q2029299,Ordinariato do Brasil para os católicos de rito oriental,http://www.wikidata.org/entity/Q2665272,Circunscrição eclesiástica imediatamente sujeita à Santa Sé,,1951-01-01T00:00:00Z,,braz1,,
http://www.wikidata.org/entity/Q2029299,Ordinariato do Brasil para os católicos de rito oriental,http://www.wikidata.org/entity/Q7100806,Ordinariato para os fiéis de rito oriental,,1951-01-01T00:00:00Z,,braz1,,
http://www.wikidata.org/entity/Q73766454,Prelazia de Alto Xingu-Tucumã,http://www.wikidata.org/entity/Q2633744,territorial prelature,,,http://prelaziadoaltoxingu.org/,alto3,,
http://www.wikidata.org/entity/Q1548521,Prelazia de Borba,http://www.wikidata.org/entity/Q3146899,diocese da Igreja Católica,,2022-11-18T00:00:00Z,https://prelaziadeborbaam.org.br/,borb0,,
http://www.wikidata.org/entity/Q1320446,Prelazia de Cametá,http://www.wikidata.org/entity/Q3146899,diocese da Igreja Católica,,2013-02-06T00:00:00Z,https://diocesecameta.com.br/,came1,,
http://www.wikidata.org/entity/Q976774,Prelazia de Coari,http://www.wikidata.org/entity/Q3146899,diocese da Igreja Católica,,,http://www.prelaziadecoari.blogspot.com.br/,coar0,,
http://www.wikidata.org/entity/Q1574063,Prelazia de Itacoatiara,http://www.wikidata.org/entity/Q2633744,territorial prelature,,,https://prelaziadeitacoatiara.org.br/,itac0,,
http://www.wikidata.org/entity/Q765396,Prelazia de Itaituba,http://www.wikidata.org/entity/Q2633744,territorial prelature,,1988-01-01T00:00:00Z,http://www.prelaziadoxingu.com.br/,itai0,,
http://www.wikidata.org/entity/Q1573523,Prelazia de Lábrea,http://www.wikidata.org/entity/Q2633744,territorial prelature,,1925-05-01T00:00:00Z,https://prelaziadelabrea.com.br/,labr1,,
http://www.wikidata.org/entity/Q1547389,Prelazia de Marajó,http://www.wikidata.org/entity/Q2633744,territorial prelature,,,http://www.prelaziadomarajo.com.br/,mara4,,
http://www.wikidata.org/entity/Q1410045,Prelazia de Paranatinga,http://www.wikidata.org/entity/Q2633744,territorial prelature,,,,para8,,
http://www.wikidata.org/entity/Q105515130,Prelazia de Santarém,http://www.wikidata.org/entity/Q124344656,suppressed territorial prelature,,1903-09-21T00:00:00Z,,,,
http://www.wikidata.org/entity/Q1573506,Prelazia de São Félix,http://www.wikidata.org/entity/Q2633744,territorial prelature,,1969-05-13T00:00:00Z,https://prelaziasfaraguaia.com.br/,zfel2,,
http://www.wikidata.org/entity/Q1573163,Prelazia de Tefé,http://www.wikidata.org/entity/Q2633744,territorial prelature,,,http://prelaziadetefe.blogspot.com/,tefe0,,
http://www.wikidata.org/entity/Q1557404,Prelazia do Xingu,http://www.wikidata.org/entity/Q124344656,suppressed territorial prelature,Point(-52.205833333 -3.202777777),1934-08-16T00:00:00Z,http://www.prelaziadoxingu.com.br/,xing0,,
http://www.wikidata.org/entity/Q1364173,Arquidiocese Sant’Ana de Botucatu,http://www.wikidata.org/entity/Q105390172,arquidiocese metropolitana católica romana,,1908-01-01T00:00:00Z,http://www.arquibotu.org.br,botu0,,
http://www.wikidata.org/entity/Q1364652,Arquidiocese de Juiz de Fora,http://www.wikidata.org/entity/Q3146899,diocese da Igreja Católica,,1924-01-01T00:00:00Z,http://www.arquidiocesejuizdefora.org.br/,juiz0,,
http://www.wikidata.org/entity/Q1364652,Arquidiocese de Juiz de Fora,http://www.wikidata.org/entity/Q105390172,arquidiocese metropolitana católica romana,,1924-01-01T00:00:00Z,http://www.arquidiocesejuizdefora.org.br/,juiz0,,
http://www.wikidata.org/entity/Q1365608,Arquidiocese de Sorocaba,http://www.wikidata.org/entity/Q105390172,arquidiocese metropolitana católica romana,,1924-07-04T00:00:00Z,http://www.arquidiocesesorocaba.org.br/site/index.php,soro0,,
http://www.wikidata.org/entity/Q866747,Diocese de Abaetetuba,http://www.wikidata.org/entity/Q3146899,diocese da Igreja Católica,,1961-01-01T00:00:00Z,http://www.semeando.org.br/portal/index.php,abae0,,
http://www.wikidata.org/entity/Q866802,Diocese de Almenara,http://www.wikidata.org/entity/Q3146899,diocese da Igreja Católica,,1981-01-01T00:00:00Z,http://www.diocesealmenara.org.br/,alme0,,
http://www.wikidata.org/entity/Q866965,Diocese de Balsas,http://www.wikidata.org/entity/Q3146899,diocese da Igreja Católica,Point(-46.0373 -7.52994),1954-01-01T00:00:00Z,https://diocesedebalsas.wixsite.com/igrejaemacao/clero,bals0,,
http://www.wikidata.org/entity/Q628533,Diocese de Campanha,http://www.wikidata.org/entity/Q3146899,diocese da Igreja Católica,,1907-09-08T00:00:00Z,http://www.diocesedacampanha.org.br/,camp3,,
http://www.wikidata.org/entity/Q867602,Diocese de Campo Limpo,http://www.wikidata.org/entity/Q3146899,diocese da Igreja Católica,Point(-46.775112002 -23.631167118),1989-03-15T00:00:00Z,https://dcl.org.br,camp6,,
http://www.wikidata.org/entity/Q176888,Diocese de Cruz Alta,http://www.wikidata.org/entity/Q3146899,diocese da Igreja Católica,,1971-01-01T00:00:00Z,http://www.diocesecruzalta.org.br/,cruz0,,
http://www.wikidata.org/entity/Q869814,Diocese de Itabira-Fabriciano,http://www.wikidata.org/entity/Q3146899,diocese da Igreja Católica,,1965-01-01T00:00:00Z,https://dioceseitabira.org.br/,itab0,,
http://www.wikidata.org/entity/Q126910890,Diocese de Jaú,http://www.wikidata.org/entity/Q3146899,diocese da Igreja Católica,,2024-06-26T00:00:00Z,https://diocesejau.org.br/,jauz0,,
http://www.wikidata.org/entity/Q871944,Diocese de Marabá,http://www.wikidata.org/entity/Q3146899,diocese da Igreja Católica,,1969-01-01T00:00:00Z,http://www.diocesedemarilia.org.br/,mara1,,
http://www.wikidata.org/entity/Q872933,Diocese de Naviraí,http://www.wikidata.org/entity/Q3146899,diocese da Igreja Católica,,2011-01-01T00:00:00Z,http://www.diocesedecoxim.com.br/,navi0,,
http://www.wikidata.org/entity/Q873247,Diocese de Novo Hamburgo,http://www.wikidata.org/entity/Q3146899,diocese da Igreja Católica,,1980-01-01T00:00:00Z,http://www.mitranh.org.br/s2/,nham0,,
http://www.wikidata.org/entity/Q875063,Diocese de Rondonópolis-Guiratinga,http://www.wikidata.org/entity/Q3146899,diocese da Igreja Católica,,1940-01-01T00:00:00Z,http://www.diocesederondonopolis.org.br/,rond0,,
http://www.wikidata.org/entity/Q876162,Diocese de Santo André,http://www.wikidata.org/entity/Q3146899,diocese da Igreja Católica,,1954-01-01T00:00:00Z,https://diocesesa.org.br/,zand2,,
http://www.wikidata.org/entity/Q877178,Diocese de Teixeira de Freitas-Caravelas,http://www.wikidata.org/entity/Q3146899,diocese da Igreja Católica,,1962-01-01T00:00:00Z,http://dioceseteixeiradefreitas.com.br/novo/,teix0,,
http://www.wikidata.org/entity/Q676419,Diocese de Óbidos,http://www.wikidata.org/entity/Q3146899,diocese da Igreja Católica,,1957-01-01T00:00:00Z,http://diocesedeobidos.blogspot.com/,obid0,,
http://www.wikidata.org/entity/Q463406,Igreja Ortodoxa Polonesa,http://www.wikidata.org/entity/Q1649443,igreja nacional,,0868-01-01T00:00:00Z,http://www.orthodox.pl/,,,
http://www.wikidata.org/entity/Q463406,Igreja Ortodoxa Polonesa,http://www.wikidata.org/entity/Q2288631,archeparchy,,0868-01-01T00:00:00Z,http://www.orthodox.pl/,,,
http://www.wikidata.org/entity/Q111923688,Prelazia de Roraima,http://www.wikidata.org/entity/Q1081138,patrimônio histórico,Point(-60.665960975 2.818618261),,,,,
http://www.wikidata.org/entity/Q111923688,Prelazia de Roraima,http://www.wikidata.org/entity/Q17305527,Prelazia,Point(-60.665960975 2.818618261),,,,,
